{"cameraMode":{"drawMode":0,"name":"Shaded","section":"Shading Mode"},"sceneLighting":false,"audioPlay":false,"sceneViewState":{"showFog":true,"showMaterialUpdate":false,"showSkybox":true,"showFlares":true,"showImageEffects":true,"showParticleSystems":true},"in2DMode":false,"pivot":{"x":16.760000228881837,"y":-0.5150325298309326,"z":0.0},"rotation":{"x":-0.11693283915519715,"y":-0.042596329003572467,"z":0.005020433571189642,"w":-0.9922133088111877},"size":27.614168167114259,"orthographic":false}